Workbook

Sheet file
A1: Date | B1: USDCNY (RMB) | C1: EURCNY (RMB) | D1: JPYCNY (RMB) | E1: HKDCNY (RMB) | F1: USDCNH (RMB)
A2: 42373 | B2: 6.5172 | C2: 7.1323 | D2: 5.4911 | E2: 0.8425 | F2: =VLOOKUP(A2,Sheet1!C:G,5,FALSE) -> 6.6291
A3: 42374 | B3: 6.5199 | C3: 7.0259 | D3: 5.4736 | E3: 0.8416 | F3: =VLOOKUP(A3,Sheet1!C:G,5,FALSE) -> 6.6449
A4: 42375 | B4: 6.5575 | C4: 7.037 | D4: 5.5362 | E4: 0.8456 | F4: =VLOOKUP(A4,Sheet1!C:G,5,FALSE) -> 6.6959
A5: 42376 | B5: 6.5939 | C5: 7.1565 | D5: 5.6058 | E5: 0.8499 | F5: =VLOOKUP(A5,Sheet1!C:G,5,FALSE) -> 6.6829
A6: 42377 | B6: 6.5888 | C6: 7.1891 | D6: 5.5653 | E6: 0.849 | F6: =VLOOKUP(A6,Sheet1!C:G,5,FALSE) -> 6.6832
A7: 42380 | B7: 6.5822 | C7: 7.1612 | D7: 5.5916 | E7: 0.8481 | F7: =VLOOKUP(A7,Sheet1!C:G,5,FALSE) -> 6.5842
A8: 42381 | B8: 6.575 | C8: 7.1421 | D8: 5.5975 | E8: 0.8472 | F8: =VLOOKUP(A8,Sheet1!C:G,5,FALSE) -> 6.578
A9: 42382 | B9: 6.575 | C9: 7.1137 | D9: 5.5608 | E9: 0.8474 | F9: =VLOOKUP(A9,Sheet1!C:G,5,FALSE) -> 6.5673
A10: 42383 | B10: 6.5887 | C10: 7.1957 | D10: 5.597 | E10: 0.8475 | F10: =VLOOKUP(A10,Sheet1!C:G,5,FALSE) -> 6.6013
A11: 42384 | B11: 6.5873 | C11: 7.1796 | D11: 5.601 | E11: 0.845 | F11: =VLOOKUP(A11,Sheet1!C:G,5,FALSE) -> 6.6146
A12: 42387 | B12: 6.5793 | C12: 7.1715 | D12: 5.6093 | E12: 0.8439 | F12: =VLOOKUP(A12,Sheet1!C:G,5,FALSE) -> 6.5843
A13: 42388 | B13: 6.5782 | C13: 7.153 | D13: 5.5775 | E13: 0.8424 | F13: =VLOOKUP(A13,Sheet1!C:G,5,FALSE) -> 6.5911
... A2186: 45652 | B2186: 7.2993 | C2186: 7.5882 | D2186: 4.6388 | E2186: 0.9397 | F2186: =VLOOKUP(A2186,Sheet1!C:G,5,FALSE) -> 7.3085

Sheet Sheet1
A1: 代码 | B1: 名称 | C1: 日期 | D1: 开盘价(元) | E1: 最高价(元) | F1: 最低价(元) | G1: 收盘价(元) | H1: 涨跌幅 | I1: 成交额(百万) | J1: 成交量(股)
A2: USDCNH.FX | B2: 美元兑离岸人民币 | C2: 42373 | D2: 6.5704 | E2: 6.6346 | F2: 6.5703 | G2: 6.6291 | H2: 0.0092 | I2: 0 | J2: 0
A3: USDCNH.FX | B3: 美元兑离岸人民币 | C3: 42374 | D3: 6.629 | E3: 6.6544 | F3: 6.6262 | G3: 6.6449 | H3: 0.0024 | I3: 0 | J3: 0
A4: USDCNH.FX | B4: 美元兑离岸人民币 | C4: 42375 | D4: 6.6561 | E4: 6.7321 | F4: 6.6365 | G4: 6.6959 | H4: 0.0077 | I4: 0 | J4: 0
A5: USDCNH.FX | B5: 美元兑离岸人民币 | C5: 42376 | D5: 6.6958 | E5: 6.7608 | F5: 6.664 | G5: 6.6829 | H5: -0.0019 | I5: 0 | J5: 0
A6: USDCNH.FX | B6: 美元兑离岸人民币 | C6: 42377 | D6: 6.683 | E6: 6.6922 | F6: 6.6523 | G6: 6.6832 | H6: 0 | I6: 0 | J6: 0
A7: USDCNH.FX | B7: 美元兑离岸人民币 | C7: 42380 | D7: 6.6869 | E7: 6.7078 | F7: 6.5842 | G7: 6.5842 | H7: -0.0148 | I7: 0 | J7: 0
A8: USDCNH.FX | B8: 美元兑离岸人民币 | C8: 42381 | D8: 6.5844 | E8: 6.608 | F8: 6.5661 | G8: 6.578 | H8: -0.0009 | I8: 0 | J8: 0
A9: USDCNH.FX | B9: 美元兑离岸人民币 | C9: 42382 | D9: 6.5771 | E9: 6.5827 | F9: 6.5604 | G9: 6.5673 | H9: -0.0016 | I9: 0 | J9: 0
A10: USDCNH.FX | B10: 美元兑离岸人民币 | C10: 42383 | D10: 6.5673 | E10: 6.6254 | F10: 6.5672 | G10: 6.6013 | H10: 0.0052 | I10: 0 | J10: 0
A11: USDCNH.FX | B11: 美元兑离岸人民币 | C11: 42384 | D11: 6.6022 | E11: 6.6204 | F11: 6.5991 | G11: 6.6146 | H11: 0.002 | I11: 0 | J11: 0
A12: USDCNH.FX | B12: 美元兑离岸人民币 | C12: 42387 | D12: 6.6013 | E12: 6.6015 | F12: 6.5734 | G12: 6.5843 | H12: -0.0046 | I12: 0 | J12: 0
A13: USDCNH.FX | B13: 美元兑离岸人民币 | C13: 42388 | D13: 6.5887 | E13: 6.6093 | F13: 6.5849 | G13: 6.5911 | H13: 0.001 | I13: 0 | J13: 0
... A2343: USDCNH.FX | B2343: 美元兑离岸人民币 | C2343: 45652 | D2343: 7.3009 | E2343: 7.3114 | F2343: 7.3003 | G2343: 7.3085 | H2343: 0.0008 | I2343: 0 | J2343: 0
